{"cameraMode":{"drawMode":0,"name":"Shaded","section":"Shading Mode"},"sceneLighting":false,"audioPlay":false,"sceneViewState":{"showFog":true,"showMaterialUpdate":false,"showSkybox":false,"showFlares":true,"showImageEffects":true,"showParticleSystems":true},"in2DMode":false,"pivot":{"x":742.6500244140625,"y":726.7000122070313,"z":0.0},"rotation":{"x":0.01199977844953537,"y":-0.0021016192622482778,"z":0.000025007506337715313,"w":0.9999305009841919},"size":467.0041809082031,"orthographic":false}