{"cameraMode":{"drawMode":0,"name":"Shaded","section":"Shading Mode"},"sceneLighting":false,"audioPlay":false,"sceneViewState":{"showFog":true,"showMaterialUpdate":false,"showSkybox":false,"showFlares":true,"showImageEffects":true,"showParticleSystems":true},"in2DMode":false,"pivot":{"x":1.8115129470825196,"y":-2.088085651397705,"z":-2.04640793800354},"rotation":{"x":0.6968408823013306,"y":0.004303307272493839,"z":-0.004181032069027424,"w":0.7172022461891174},"size":9.013570785522461,"orthographic":false}