{"cameraMode":{"drawMode":0,"name":"Shaded","section":"Shading Mode"},"sceneLighting":true,"audioPlay":false,"sceneViewState":{"showFog":false,"showMaterialUpdate":false,"showSkybox":false,"showFlares":false,"showImageEffects":false,"showParticleSystems":false},"in2DMode":false,"pivot":{"x":1.1640853881835938,"y":0.473236083984375,"z":1.84228515625},"rotation":{"x":-0.0008502034470438957,"y":0.9991407990455627,"z":-0.031483255326747897,"w":-0.02698332443833351},"size":1.7254605293273926,"orthographic":true}