{"cameraMode":{"drawMode":0,"name":"Shaded","section":"Shading Mode"},"sceneLighting":false,"audioPlay":false,"sceneViewState":{"showFog":true,"showMaterialUpdate":false,"showSkybox":false,"showFlares":true,"showImageEffects":true,"showParticleSystems":true},"in2DMode":false,"pivot":{"x":1.5272114276885987,"y":-1.9932717084884644,"z":3.6628260612487795},"rotation":{"x":0.7032791376113892,"y":0.0010664142901077867,"z":-0.0010548559948801995,"w":0.7109136581420898},"size":2.9660115242004396,"orthographic":false}