{"cameraMode":{"drawMode":0,"name":"Shaded","section":"Shading Mode"},"sceneLighting":false,"audioPlay":false,"sceneViewState":{"showFog":true,"showMaterialUpdate":false,"showSkybox":false,"showFlares":true,"showImageEffects":true,"showParticleSystems":true},"in2DMode":false,"pivot":{"x":0.001412068959325552,"y":-3.0821056365966799,"z":3.4981565475463869},"rotation":{"x":0.3460894823074341,"y":-8.503623689648521e-7,"z":-0.0000017797246982809157,"w":0.9382076263427734},"size":13.753006935119629,"orthographic":false}