{"cameraMode":{"drawMode":0,"name":"Shaded","section":"Shading Mode"},"sceneLighting":true,"audioPlay":false,"sceneViewState":{"showFog":false,"showMaterialUpdate":false,"showSkybox":false,"showFlares":false,"showImageEffects":false,"showParticleSystems":false},"in2DMode":false,"pivot":{"x":1.4884262084960938,"y":0.29962158203125,"z":4.049560546875},"rotation":{"x":-0.0006546156946569681,"y":-0.9993258714675903,"z":0.02816341258585453,"w":-0.02445150911808014},"size":0.6815848350524902,"orthographic":true}