{"cameraMode":{"drawMode":0,"name":"Shaded","section":"Shading Mode"},"sceneLighting":false,"audioPlay":false,"sceneViewState":{"showFog":true,"showMaterialUpdate":false,"showSkybox":false,"showFlares":true,"showImageEffects":true,"showParticleSystems":true},"in2DMode":false,"pivot":{"x":0.2802262306213379,"y":0.455078125,"z":0.6180419921875},"rotation":{"x":0.731487512588501,"y":0.0010227721650153399,"z":-0.0010972419986501337,"w":0.6818566918373108},"size":9.934062957763672,"orthographic":true}