{"cameraMode":{"drawMode":0,"name":"Shaded","section":"Shading Mode"},"sceneLighting":false,"audioPlay":false,"sceneViewState":{"showFog":true,"showMaterialUpdate":false,"showSkybox":false,"showFlares":true,"showImageEffects":true,"showParticleSystems":true},"in2DMode":false,"pivot":{"x":-0.24076330661773683,"y":0.92249995470047,"z":-4.892918109893799},"rotation":{"x":0.731487512588501,"y":0.0010227721650153399,"z":-0.0010972419986501337,"w":0.6818566918373108},"size":9.756780624389649,"orthographic":true}