{"cameraMode":{"drawMode":0,"name":"Shaded","section":"Shading Mode"},"sceneLighting":true,"audioPlay":false,"sceneViewState":{"showFog":false,"showMaterialUpdate":false,"showSkybox":false,"showFlares":false,"showImageEffects":false,"showParticleSystems":false},"in2DMode":false,"pivot":{"x":1.356438159942627,"y":0.3409000039100647,"z":3.7445459365844728},"rotation":{"x":-0.0004079322679899633,"y":0.8842501044273377,"z":-0.46711474657058718,"w":-0.0011263344204053283},"size":0.9038044214248657,"orthographic":true}