{"cameraMode":{"drawMode":0,"name":"Shaded","section":"Shading Mode"},"sceneLighting":false,"audioPlay":false,"sceneViewState":{"showFog":true,"showMaterialUpdate":false,"showSkybox":false,"showFlares":true,"showImageEffects":true,"showParticleSystems":true},"in2DMode":false,"pivot":{"x":0.014347881078720093,"y":-0.014732003211975098,"z":0.0032913759350776674},"rotation":{"x":0.04334345459938049,"y":-0.6897759437561035,"z":0.041436634957790378,"w":0.7215364575386047},"size":0.4175509214401245,"orthographic":false}