{"cameraMode":{"drawMode":0,"name":"Shaded","section":"Shading Mode"},"sceneLighting":false,"audioPlay":false,"sceneViewState":{"showFog":true,"showMaterialUpdate":false,"showSkybox":false,"showFlares":true,"showImageEffects":true,"showParticleSystems":true},"in2DMode":false,"pivot":{"x":-0.03875732421875,"y":0.046975016593933108,"z":-0.019067764282226564},"rotation":{"x":0.28345832228660586,"y":0.0028755825478583576,"z":-0.0008570454083383083,"w":0.9589845538139343},"size":0.2823084890842438,"orthographic":true}