{"cameraMode":{"drawMode":0,"name":"Shaded","section":"Shading Mode"},"sceneLighting":true,"audioPlay":false,"sceneViewState":{"showFog":false,"showMaterialUpdate":false,"showSkybox":false,"showFlares":false,"showImageEffects":false,"showParticleSystems":false},"in2DMode":false,"pivot":{"x":1.3485386371612549,"y":0.48840296268463137,"z":3.2907891273498537},"rotation":{"x":-0.00001291227454203181,"y":0.9890768527984619,"z":-0.1479664146900177,"w":-0.0012008778285235167},"size":0.8040900230407715,"orthographic":true}