{"cameraMode":{"drawMode":0,"name":"Shaded","section":"Shading Mode"},"sceneLighting":true,"audioPlay":false,"sceneViewState":{"showFog":true,"showMaterialUpdate":false,"showSkybox":true,"showFlares":true,"showImageEffects":true,"showParticleSystems":true},"in2DMode":false,"pivot":{"x":0.7412368655204773,"y":7.205737590789795,"z":-0.9998245239257813},"rotation":{"x":0.15832622349262238,"y":-0.00740577420219779,"z":0.0011852455791085959,"w":0.9873639345169067},"size":20.255666732788087,"orthographic":false}