{"cameraMode":{"drawMode":0,"name":"Shaded","section":"Shading Mode"},"sceneLighting":true,"audioPlay":false,"sceneViewState":{"showFog":true,"showMaterialUpdate":false,"showSkybox":true,"showFlares":true,"showImageEffects":true,"showParticleSystems":true},"in2DMode":false,"pivot":{"x":1.339695930480957,"y":0.614256739616394,"z":0.3689260482788086},"rotation":{"x":-0.0000864657195052132,"y":-0.999705970287323,"z":0.023997556418180467,"w":-0.0036007938906550409},"size":5.099729061126709,"orthographic":false}