{"cameraMode":{"drawMode":0,"name":"Shaded","section":"Shading Mode"},"sceneLighting":false,"audioPlay":false,"sceneViewState":{"showFog":false,"showMaterialUpdate":false,"showSkybox":false,"showFlares":false,"showImageEffects":false,"showParticleSystems":false},"in2DMode":false,"pivot":{"x":2.083989143371582,"y":2.4246864318847658,"z":0.40633583068847659},"rotation":{"x":-0.08915362507104874,"y":0.05285559222102165,"z":-0.004736988805234432,"w":-0.9946067333221436},"size":3.571556568145752,"orthographic":false}