{"cameraMode":{"drawMode":0,"name":"Shaded","section":"Shading Mode"},"sceneLighting":true,"audioPlay":false,"sceneViewState":{"showFog":false,"showMaterialUpdate":false,"showSkybox":false,"showFlares":false,"showImageEffects":false,"showParticleSystems":false},"in2DMode":false,"pivot":{"x":-0.051025390625,"y":2.0621337890625,"z":5.2861328125},"rotation":{"x":0.11743432283401489,"y":0.8826515674591065,"z":-0.3126581609249115,"w":0.3309728503227234},"size":1.6101462841033936,"orthographic":true}