{"cameraMode":{"drawMode":0,"name":"Shaded","section":"Shading Mode"},"sceneLighting":false,"audioPlay":false,"sceneViewState":{"showFog":true,"showMaterialUpdate":false,"showSkybox":false,"showFlares":true,"showImageEffects":true,"showParticleSystems":true},"in2DMode":false,"pivot":{"x":-0.5577034950256348,"y":9.308850288391114,"z":0.3623523712158203},"rotation":{"x":0.07043943554162979,"y":-0.00956851989030838,"z":-0.0006780855474062264,"w":-0.9974811673164368},"size":2.8578836917877199,"orthographic":false}