{"cameraMode":{"drawMode":0,"name":"Shaded","section":"Shading Mode"},"sceneLighting":true,"audioPlay":false,"sceneViewState":{"showFog":true,"showMaterialUpdate":false,"showSkybox":true,"showFlares":true,"showImageEffects":true,"showParticleSystems":true},"in2DMode":false,"pivot":{"x":0.975126326084137,"y":16.817623138427736,"z":-6.0130615234375},"rotation":{"x":-0.019032247364521028,"y":0.7089669108390808,"z":0.01914668083190918,"w":0.7047259211540222},"size":52.30449295043945,"orthographic":true}