{"cameraMode":{"drawMode":0,"name":"Shaded","section":"Shading Mode"},"sceneLighting":false,"audioPlay":false,"sceneViewState":{"showFog":true,"showMaterialUpdate":false,"showSkybox":false,"showFlares":true,"showImageEffects":true,"showParticleSystems":true},"in2DMode":false,"pivot":{"x":1.391822099685669,"y":0.30848175287246706,"z":3.7611467838287355},"rotation":{"x":0.04796906188130379,"y":0.022472256794571878,"z":-0.001079356181435287,"w":0.9985972046852112},"size":0.4428943395614624,"orthographic":false}