{"cameraMode":{"drawMode":0,"name":"Shaded","section":"Shading Mode"},"sceneLighting":false,"audioPlay":false,"sceneViewState":{"showFog":true,"showMaterialUpdate":false,"showSkybox":false,"showFlares":true,"showImageEffects":true,"showParticleSystems":true},"in2DMode":false,"pivot":{"x":1.3076171875,"y":0.2610015869140625,"z":4.40576171875},"rotation":{"x":0.0009724756237119436,"y":-0.9763107299804688,"z":-0.004394024610519409,"w":-0.21634861826896668},"size":1.541804552078247,"orthographic":true}