{"cameraMode":{"drawMode":0,"name":"Shaded","section":"Shading Mode"},"sceneLighting":true,"audioPlay":false,"sceneViewState":{"showFog":false,"showMaterialUpdate":false,"showSkybox":false,"showFlares":false,"showImageEffects":false,"showParticleSystems":false},"in2DMode":false,"pivot":{"x":1.2298011779785157,"y":0.61376953125,"z":3.9315185546875},"rotation":{"x":-0.005679589230567217,"y":0.8727138042449951,"z":-0.4881598949432373,"w":-0.01022943016141653},"size":0.8274776935577393,"orthographic":true}