{"cameraMode":{"drawMode":0,"name":"Shaded","section":"Shading Mode"},"sceneLighting":true,"audioPlay":false,"sceneViewState":{"showFog":true,"showMaterialUpdate":false,"showSkybox":true,"showFlares":true,"showImageEffects":true,"showParticleSystems":true},"in2DMode":false,"pivot":{"x":1.3825154304504395,"y":2.903374195098877,"z":-2.386137008666992},"rotation":{"x":0.15534257888793946,"y":0.017780164256691934,"z":-0.0027986972127109768,"w":0.987702488899231},"size":25.602970123291017,"orthographic":false}