{"cameraMode":{"drawMode":0,"name":"Shaded","section":"Shading Mode"},"sceneLighting":false,"audioPlay":false,"sceneViewState":{"showFog":true,"showMaterialUpdate":false,"showSkybox":false,"showFlares":true,"showImageEffects":true,"showParticleSystems":true},"in2DMode":false,"pivot":{"x":0.03120596706867218,"y":0.8399658203125,"z":0.03420257568359375},"rotation":{"x":0.731487512588501,"y":0.0010227721650153399,"z":-0.0010972419986501337,"w":0.6818566918373108},"size":0.6405060291290283,"orthographic":true}