{"cameraMode":{"drawMode":0,"name":"Shaded","section":"Shading Mode"},"sceneLighting":true,"audioPlay":false,"sceneViewState":{"showFog":true,"showMaterialUpdate":false,"showSkybox":true,"showFlares":true,"showImageEffects":true,"showParticleSystems":true},"in2DMode":false,"pivot":{"x":-0.3536399304866791,"y":9.485891342163086,"z":-6.632940292358398},"rotation":{"x":0.023997681215405465,"y":-0.0014995632227510214,"z":0.000035999768442707136,"w":0.9997109174728394},"size":18.018465042114259,"orthographic":false}